{"steps": [1000, 2000, 3000, 4000, 5000, 6000, 7000, 8000, 9000, 10000, 11000, 12000, 13000, 14000, 15000, 16000, 17000, 18000, 19000, 20000, 21000, 22000, 23000, 24000, 25000, 26000, 27000, 28000, 29000, 30000, 31000, 32000, 33000, 34000, 35000, 36000, 37000, 38000, 39000, 40000, 41000, 42000, 43000, 44000, 45000, 46000, 47000, 48000, 49000, 50000, 51000, 52000, 53000, 54000, 55000, 56000, 57000, 58000, 59000, 60000, 61000, 62000, 63000, 64000, 65000, 66000, 67000, 68000, 69000, 70000, 71000, 72000, 73000], "train_accuracy": [0.6277386681991236, 0.6277386681991236, 0.6277386681991236, 0.6277386681991236, 0.7543151661929048, 0.8836598356029431, 0.9220576313277987, 0.9426354839040709, 0.9471328003940603, 0.9601629603784622, 0.9567534146766961, 0.9694526255297752, 0.9712664320091947, 0.971356224409166, 0.975186511642226, 0.9786114503268444, 0.9764974806818065, 0.6324130039919136, 0.8741213172288526, 0.7876794565250854, 0.9528615555122272, 0.8923773948915821, 0.967595205598941, 0.9740320379283097, 0.9803303334120086, 0.9697681816782456, 0.9847891674448674, 0.9840682627479553, 0.9823262901885127, 0.9452753804632261, 0.988155099695219, 0.9880550453066795, 0.9896123020718955, 0.9906205424487157, 0.9912259997742362, 0.990920705614334, 0.9897867558775539, 0.9922060196824941, 0.9906744178886985, 0.9927499050766058, 0.9932245220478825, 0.9939197717733742, 0.9870185844612969, 0.9930167167793775, 0.993332272927848, 0.9942943343561115, 0.9944072162303611, 0.9924086939567149, 0.988019128346691, 0.9949023571787741, 0.9950845074758586, 0.9954180221043234, 0.9950178045501658, 0.995461635555738, 0.9944970086303324, 0.9919776904368528, 0.9958669841041797, 0.9967879975781707, 0.995672006321385, 0.9967418186296141, 0.9969419274066929, 0.9967854320810287, 0.9963723870411608, 0.9971882151323284, 0.9975089022750828, 0.9976756595893153, 0.9975627777150656, 0.9961953677383604, 0.9972190010980327, 0.9977218385378719, 0.9976423081264687, 0.997657701109321, 0.9978424169035476], "test_accuracy": [0.627130645376461, 0.627130645376461, 0.627130645376461, 0.627130645376461, 0.7535891305017086, 0.8828491385060597, 0.9227887980132791, 0.9429536055496834, 0.9468839471712829, 0.9598961486756904, 0.9574127474421994, 0.9692140342955657, 0.9710304062721274, 0.9715332437119665, 0.9750736297679764, 0.9785113959383049, 0.9768797397559699, 0.6320769238663068, 0.8741572341888411, 0.7854012950629573, 0.9535645017291451, 0.8932034849713177, 0.9684546471415231, 0.9742321467053886, 0.9804098638234117, 0.9690395804899073, 0.9845043972621015, 0.9836526522109454, 0.9819286381314971, 0.9450060032633124, 0.9876240417868174, 0.9879832113867025, 0.9893480558662657, 0.9901587529631491, 0.9910104980143052, 0.9904871365973298, 0.989861155294673, 0.9915133354541443, 0.9901279669974448, 0.9924471764138455, 0.9929910618079572, 0.9935144232249326, 0.9864952230443216, 0.9925395343109588, 0.993052633739366, 0.9940993565733168, 0.9940172606647716, 0.991769885168348, 0.9876445657639538, 0.9945714080474515, 0.9948176957730869, 0.9951255554301313, 0.9945919320245877, 0.9950126735558816, 0.9937709729391362, 0.9912362617628044, 0.9951255554301313, 0.9962338501954909, 0.9949305776473365, 0.9960799203669687, 0.9961825402526502, 0.9961620162755138, 0.9956591788356748, 0.9964698759325582, 0.9968187835438751, 0.9969932373495336, 0.9969111414409885, 0.9955052490071526, 0.9964185659897175, 0.9973113589951461, 0.9969829753609655, 0.9969111414409885, 0.9969932373495336], "train_f1": [0.0, 0.0, 0.0, 0.0, 0.7211570098737178, 0.8254906488108982, 0.8944316069287837, 0.9217848172996873, 0.9253696748889074, 0.9460514887259841, 0.9434266210687761, 0.9581933282071269, 0.9609353200513422, 0.9619172036005553, 0.9663066954643629, 0.9708248616831784, 0.9688228507641992, 0.038621281963539256, 0.8221524676680392, 0.6013641092828793, 0.9381991860347785, 0.8625049983284279, 0.9563299301265052, 0.9652064513467805, 0.9734760031689033, 0.9578079013512643, 0.9795295490562325, 0.9783620677640107, 0.9758167846749536, 0.9207300078411553, 0.9839754825229677, 0.983837149561909, 0.9859639270498595, 0.9873285226083279, 0.9881695285799283, 0.9877441898317294, 0.9863482516091643, 0.9894855608162362, 0.9873520784693057, 0.990229296896609, 0.990849908706965, 0.9918086613901081, 0.9822753417075922, 0.9905516949329038, 0.9910647061048101, 0.9923418615061464, 0.9924484380737282, 0.9897075038870782, 0.984107213351302, 0.9931188291966657, 0.9934018403217808, 0.993825367850426, 0.993275390422106, 0.9938962325021307, 0.9925592398977372, 0.9891134436959285, 0.9944242743077066, 0.9956750034544701, 0.9941563007686526, 0.9956095166319807, 0.9958801083890947, 0.9956823327119292, 0.9951082820175742, 0.9962247513020475, 0.9966500953912074, 0.9968727995692334, 0.9967200889373778, 0.9948984330655842, 0.9962548628049834, 0.9969384799966903, 0.9968346691557626, 0.9968479525501203, 0.9971036653614219], "test_f1": [0.0, 0.0, 0.0, 0.0, 0.7206997627134416, 0.8242610837438423, 0.8954506294639135, 0.922255010279289, 0.9250853933885255, 0.9457809595160798, 0.9442938065451422, 0.9578485921429776, 0.960644630633896, 0.9621936925886554, 0.966183574879227, 0.9707108288807452, 0.9693473558182882, 0.03964321110009911, 0.8225248563613471, 0.5963090228176519, 0.9392234026835722, 0.8635988308845695, 0.957548472628846, 0.9655323880248727, 0.9736220309239889, 0.9568105361105146, 0.9791649419102023, 0.977808116127774, 0.9752838636331738, 0.9204246788922711, 0.9832695188946229, 0.9837593442713896, 0.9856168939142002, 0.9867176354898132, 0.9878891776806946, 0.987170793141149, 0.9864620443957248, 0.9885617073069529, 0.9866188171145607, 0.9898353773063749, 0.9905457968246059, 0.9912748156942872, 0.9815722407371104, 0.9899163626780587, 0.990698632960088, 0.9920928505617514, 0.991928449791635, 0.988852440787279, 0.9836350785624967, 0.9926807333102733, 0.993054887021578, 0.9934387733959528, 0.9927086071641048, 0.9933019101959811, 0.9915835886912272, 0.9881137957911146, 0.9934280614856732, 0.9949329688384487, 0.9931605471562275, 0.9947211320546128, 0.9948614526065696, 0.9948516050878256, 0.9941502675941419, 0.9952664024658741, 0.9957273203407118, 0.9959593452208569, 0.9958481040594783, 0.9939821938887667, 0.9951806896170788, 0.996391482797565, 0.995954648026859, 0.9958481040594783, 0.9959707916775533], "train_precision": [0.0, 0.0, 0.0, 0.0, 0.6243810945173294, 0.9346357956377389, 0.9020198763684277, 0.9359545373823477, 0.9751102901891343, 0.953926026610242, 0.9194774440025121, 0.9766942480029777, 0.972817988573527, 0.952267109688399, 0.9770141662616144, 0.9861788502282196, 0.9569970551454274, 0.7315709201830198, 0.8671560194211875, 0.9987041036717063, 0.9163047691630477, 0.8223551397196233, 0.959544590450553, 0.9628565354255108, 0.9773541915585318, 0.9967508998367998, 0.9814576501030899, 0.9894286539857499, 0.9944549383246043, 0.9991208968465198, 0.9911479673887204, 0.9911936487951597, 0.9919298588248424, 0.9931250392207448, 0.99201978038769, 0.9927118573278202, 0.9816187511944741, 0.9938539834391273, 0.9970905717658964, 0.9935751999944494, 0.9962864388830054, 0.9948206646467027, 0.9988174532502226, 0.9978669986222909, 0.9888108338021212, 0.9916452751760066, 0.9977155433594049, 0.9991431862235581, 0.9720722598342084, 0.9981205101074789, 0.9927932764779979, 0.9971278920531409, 0.9981696326042022, 0.9952182865987645, 0.9992456730970707, 0.9994512143641122, 0.9988319381483438, 0.9981783802129148, 0.999414976599064, 0.9988693040323532, 0.9989114231235916, 0.9956926257753274, 0.9990691664872149, 0.9958611380837276, 0.9978446489264694, 0.9985616784106547, 0.9986647202485143, 0.993227649870872, 0.9988914984862026, 0.9974680749780958, 0.9963988156716932, 0.9987547561397441, 0.9965511069501046],